id,slug,name,category,description,relatedSymptoms,symptoms,causes,lifestyle,diet,recommendedFoods,avoidFoods,warningSigns,department,doctorQuestions,sourceRefs,searchKeywords
diabetes,diabetes,당뇨,대사 질환,혈당 조절과 생활습관 기록이 중요한 대사 질환 참고정보입니다.,혈당 상승;갈증;잦은 소변;피로;체중 감소,갈증 증가;잦은 소변;피로감;상처 회복 지연,인슐린 분비 또는 작용 문제;유전적 요인;체중 증가;운동 부족,규칙적인 식사 시간을 유지합니다.;가벼운 유산소 운동을 꾸준히 시도합니다.;혈당 변화와 컨디션을 기록합니다.,정제 탄수화물보다 통곡물을 선택하면 도움이 될 수 있습니다.;채소와 단백질을 함께 구성하는 식사가 권장됩니다.,통곡물;채소;콩류;견과류;무가당 요거트,설탕;단 음료;과자;정제 탄수화물 과다 섭취,심한 갈증;체중 감소;시야 흐림;상처 회복 지연,내분비내과;가정의학과;영양상담,공복혈당과 식후혈당은 어떻게 기록하면 좋나요?;당화혈색소 검사가 필요한가요?;식단과 운동은 어떻게 조절해야 하나요?,article-diabetes-1;MedlinePlus;CDC,당뇨병;혈당;당화혈색소;인슐린;다뇨
hyperlipidemia,hyperlipidemia,고지혈증,대사 질환,혈중 지질 수치와 식습관을 함께 확인할 때 참고할 수 있는 정보입니다.,콜레스테롤;중성지방;피로;검진 이상,대부분 무증상;검진 수치 이상;피로감 가능성,포화지방 섭취;운동 부족;유전적 요인;체중 증가,검진 결과를 기록합니다.;규칙적인 운동과 체중 관리를 시도합니다.;음주와 야식을 줄입니다.,포화지방과 트랜스지방 섭취를 줄이는 식사가 도움이 될 수 있습니다.;채소와 생선을 포함한 균형식이 권장됩니다.,등푸른 생선;채소;귀리;콩류;견과류,튀김;가공육;버터 과다 섭취;단 음식,가슴통증;호흡곤란;팔다리 힘 빠짐;말이 어눌함,내분비내과;순환기내과;가정의학과,지질 수치는 얼마나 자주 확인해야 하나요?;생활관리에서 우선순위는 무엇인가요?;약물 상담이 필요한 수치인가요?,article-hyperlipidemia-1;NHS,고콜레스테롤;중성지방;LDL;HDL;지질
fatty-liver,fatty-liver,지방간,대사 질환,간에 지방이 쌓이는 상태와 생활관리 방향을 정리한 참고정보입니다.,간수치 상승;피로;오른쪽 윗배 불편감;검진 이상,대부분 무증상;피로감;오른쪽 윗배 불편감,체중 증가;음주;당분 섭취;운동 부족;인슐린 저항성,체중과 허리둘레 변화를 기록합니다.;음주량을 줄입니다.;가벼운 운동을 꾸준히 합니다.,단 음료와 과식을 줄이는 식사가 도움이 될 수 있습니다.;단백질과 채소 중심의 균형식이 권장됩니다.,채소;콩류;생선;통곡물;두부,술;단 음료;야식;고열량 가공식품,황달;심한 복통;검은 소변;심한 피로,소화기내과;가정의학과;영양상담,간수치는 어떤 간격으로 확인해야 하나요?;음주는 어느 정도 줄여야 하나요?;추가 검사가 필요한가요?,article-fatty-liver-1;MedlinePlus,지방간;간수치;AST;ALT;비알코올
gout,gout,통풍,대사 질환,요산과 관절 통증 관련 생활관리 참고정보입니다.,발가락 통증;관절 붓기;관절 열감;요산,갑작스러운 관절 통증;붓기;열감;발적,요산 증가;음주;퓨린 많은 음식;탈수;유전적 요인,통증 발생 시기와 음식을 기록합니다.;수분 섭취를 관리합니다.;음주를 줄입니다.,퓨린이 많은 음식과 술은 주의가 필요합니다.;수분 섭취와 균형식이 도움이 될 수 있습니다.,물;저지방 유제품;채소;통곡물,맥주;내장류;과도한 육류;액상과당 음료,관절 열감 심화;발열;통증 급격한 악화,류마티스내과;정형외과;가정의학과,요산 수치를 얼마나 관리해야 하나요?;통증이 있을 때 운동해도 되나요?;주의해야 할 음식은 무엇인가요?,article-gout-1;NHS,요산;퓨린;발가락;통풍발작
obesity,obesity,비만,대사 질환,체중과 생활습관을 장기적으로 기록할 때 참고할 수 있는 정보입니다.,체중 증가;복부비만;숨참;피로,체중 증가;활동 시 숨참;피로감;관절 부담,과식;운동 부족;수면 부족;스트레스;약물 요인 가능성,체중 변화를 주기적으로 기록합니다.;식사 속도와 야식을 점검합니다.;무리하지 않는 활동량을 늘립니다.,극단적 제한보다 지속 가능한 식사 구성이 도움이 될 수 있습니다.;단 음료와 야식은 주의가 필요합니다.,채소;통곡물;두부;생선;물,단 음료;야식;고열량 간식;가공식품,호흡곤란;가슴통증;갑작스러운 부종;심한 피로,가정의학과;내분비내과;영양상담,체중 감량 목표는 어떻게 정하면 좋나요?;동반 검사가 필요한가요?;운동은 어떻게 시작하면 좋나요?,article-obesity-1;WHO,체중;BMI;복부비만;대사증후군
hypertension,hypertension,고혈압,심혈관 질환,혈압 기록과 생활관리 방향을 확인할 수 있는 심혈관 참고정보입니다.,두통;어지러움;가슴 답답함;혈압 상승,두통;어지러움;가슴 답답함;대부분 무증상,나트륨 과다 섭취;스트레스;가족력;비만;운동 부족,혈압을 일정한 시간에 측정합니다.;짠 음식과 가공식품 섭취를 줄입니다.;수면과 스트레스 관리를 병행합니다.,저염식은 혈압 관리에 도움이 될 수 있습니다.;칼륨 섭취는 개인 상태에 따라 상담이 필요합니다.,저염식;채소;과일;등푸른 생선;잡곡,짠 음식;가공식품;라면 국물;젓갈류,가슴통증;호흡곤란;심한 두통;시야 이상,심장내과;순환기내과;가정의학과,가정혈압은 언제 측정해야 하나요?;약물 상담이 필요한 혈압 범위인가요?;저염식은 어떻게 시작하면 좋나요?,article-hypertension-1;CDC,혈압;고혈압;수축기;이완기
hypotension,hypotension,저혈압,심혈관 질환,어지러움과 혈압 저하가 반복될 때 참고할 수 있는 정보입니다.,어지러움;기립성 어지러움;실신 느낌;피로,어지러움;식은땀;무기력;실신 느낌,탈수;약물 영향;기립성 변화;식사 부족;심장 관련 요인 가능성,갑자기 일어나는 행동을 줄입니다.;수분 섭취와 식사 패턴을 기록합니다.;반복되면 상담을 고려합니다.,수분과 균형 잡힌 식사가 도움이 될 수 있습니다.;개인 상태에 따라 염분 섭취는 상담이 필요합니다.,물;수프;균형식;과일,과음;공복 장시간 유지;무리한 다이어트,실신;가슴통증;호흡곤란;의식저하,순환기내과;가정의학과,저혈압이 반복될 때 어떤 검사가 필요한가요?;복용 중인 약이 영향을 줄 수 있나요?;운동 제한이 필요한가요?,article-hypotension-1;NHS,저혈압;기립성;실신;혈압저하
angina,angina,협심증,심혈관 질환,가슴통증과 운동 시 불편감을 이해하기 위한 참고정보입니다.,가슴통증;가슴 압박감;숨참;왼쪽 팔 통증,가슴 압박감;운동 시 통증;숨참;식은땀 가능성,관상동맥 혈류 저하;동맥경화;흡연;고혈압;고지혈증,가슴통증 양상을 기록합니다.;무리한 운동 중 통증이 있으면 중단합니다.;응급 증상은 즉시 도움을 요청합니다.,심혈관 위험 관리를 위한 균형식이 도움이 될 수 있습니다.;짠 음식과 포화지방은 주의가 필요합니다.,채소;통곡물;생선;콩류,튀김;가공육;짠 음식;과음,가슴통증 지속;호흡곤란;식은땀;턱 또는 팔로 퍼지는 통증,심장내과;순환기내과,가슴통증이 협심증과 관련될 수 있나요?;운동검사가 필요한가요?;응급실에 가야 하는 기준은 무엇인가요?,article-angina-1;MedlinePlus,흉통;가슴압박;심장통증;관상동맥
arrhythmia,arrhythmia,부정맥,심혈관 질환,심장 두근거림과 맥박 불규칙을 기록할 때 참고할 수 있는 정보입니다.,심장 두근거림;맥박 불규칙;어지러움;숨참,두근거림;맥박 불규칙;어지러움;가슴 답답함,전기 신호 이상;카페인;스트레스;갑상선 문제;심장질환 가능성,두근거림 시간과 상황을 기록합니다.;카페인과 음주 반응을 살핍니다.;반복되면 진료 상담을 권장합니다.,카페인과 에너지 음료는 주의가 필요합니다.;규칙적인 식사와 수분 섭취가 도움이 될 수 있습니다.,물;채소;통곡물;균형식,에너지 음료;과도한 카페인;과음,실신;가슴통증;호흡곤란;심한 어지러움,심장내과;순환기내과,심전도 검사가 필요한가요?;두근거림 기록은 어떻게 하면 좋나요?;카페인 제한이 필요한가요?,article-arrhythmia-1;NHS,두근거림;심계항진;맥박;심전도
arteriosclerosis,arteriosclerosis,동맥경화,심혈관 질환,혈관 건강과 위험요인 관리를 이해하기 위한 참고정보입니다.,가슴통증;다리 통증;손발 차가움;검진 이상,대부분 무증상;운동 시 통증;가슴 불편감 가능성,고혈압;고지혈증;흡연;당뇨;운동 부족,혈압과 지질 수치를 기록합니다.;금연과 활동량 증가를 고려합니다.;정기 검진을 유지합니다.,채소와 통곡물 중심 식사가 도움이 될 수 있습니다.;포화지방과 짠 음식은 주의가 필요합니다.,채소;통곡물;생선;콩류;과일,가공육;튀김;짠 음식;과음,가슴통증;호흡곤란;한쪽 팔다리 마비;말이 어눌함,순환기내과;심장내과;가정의학과,혈관 검사가 필요한 상황인가요?;동반 위험요인은 어떻게 관리하나요?;운동 강도는 어떻게 정하나요?,article-arteriosclerosis-1;WHO,동맥경화;혈관;죽상경화;심혈관위험
gastritis,gastritis,위염,소화기 질환,속쓰림과 상복부 불편감이 있을 때 참고할 수 있는 소화기 정보입니다.,속쓰림;상복부 통증;더부룩함;메스꺼움,속쓰림;상복부 통증;더부룩함;메스꺼움,자극적인 음식;음주;스트레스;헬리코박터 감염 가능성;진통소염제 사용,과식과 야식을 줄입니다.;증상을 유발하는 음식을 기록합니다.;통증이 반복되면 진료를 받습니다.,부드러운 음식과 자극이 적은 식사가 도움이 될 수 있습니다.;카페인과 술은 주의가 필요합니다.,부드러운 음식;양배추;미음;죽;따뜻한 물,매운 음식;술;커피;튀김;야식,피를 토함;검은 변;체중 감소;심한 복통,소화기내과;가정의학과,위내시경 검사가 필요한가요?;어떤 음식은 피해야 하나요?;약은 얼마나 복용해야 하나요?,article-gastritis-1;NHS,위염;속쓰림;소화불량;위통
reflux,reflux,역류성 식도염,소화기 질환,신물 역류와 목 이물감이 반복될 때 참고할 수 있는 정보입니다.,속쓰림;신물 역류;목 이물감;마른기침,속쓰림;신물 역류;목 이물감;마른기침,하부식도괄약근 약화;과식;야식;비만;카페인과 음주,식후 바로 눕지 않습니다.;야식과 과식을 줄입니다.;증상이 반복되면 소화기내과 상담을 고려합니다.,기름진 음식과 카페인은 주의가 필요합니다.;소량씩 천천히 먹는 습관이 도움이 될 수 있습니다.,오트밀;바나나;삶은 채소;기름기 적은 단백질,커피;초콜릿;기름진 음식;탄산음료;야식,가슴통증;삼킴 곤란;체중 감소;피 섞인 구토,소화기내과;가정의학과,위내시경 검사가 필요한 증상인가요?;식후 자세와 식사량은 어떻게 조절해야 하나요?;약 복용 기간은 어떻게 상담하나요?,article-reflux-1;MedlinePlus,역류;식도염;신물;목이물감
ibs,ibs,과민성대장증후군,소화기 질환,복통과 배변 변화가 반복될 때 참고할 수 있는 장 건강 정보입니다.,복통;복부팽만;설사;변비,복통;복부팽만;배변 변화;가스 증가,장 민감도;스트레스;식습관;수면 부족;장내 환경 변화,증상과 식사 일지를 기록합니다.;스트레스와 수면 상태를 함께 확인합니다.;갑작스러운 변화는 진료 상담을 고려합니다.,개인별 유발 음식이 다를 수 있어 기록이 도움이 됩니다.;규칙적인 식사와 수분 섭취가 도움이 될 수 있습니다.,쌀밥;바나나;두부;따뜻한 물,기름진 음식;과음;개인 유발 음식;카페인,혈변;체중 감소;야간 설사;심한 복통,소화기내과;가정의학과,과민성대장증후군인지 확인하려면 어떤 검사가 필요한가요?;유발 음식 기록은 어떻게 하나요?;약물 상담이 필요한가요?,article-ibs-1;NHS,과민성대장;IBS;배변;복부팽만
constipation,constipation,변비,소화기 질환,배변 횟수 감소와 딱딱한 변을 기록할 때 참고할 수 있는 정보입니다.,변비;배변 어려움;복부팽만;잔변감,배변 횟수 감소;딱딱한 변;복부팽만;잔변감,수분 부족;식이섬유 부족;활동량 감소;약물 영향;배변 습관 변화,수분 섭취와 활동량을 늘립니다.;배변 시간을 규칙적으로 잡아봅니다.;갑작스러운 변화는 상담을 고려합니다.,식이섬유와 수분 섭취가 도움이 될 수 있습니다.;개인 상태에 따라 섬유질 증량은 천천히 진행합니다.,채소;과일;귀리;물;요거트,과도한 가공식품;수분 부족;과음,혈변;심한 복통;체중 감소;구토,소화기내과;가정의학과,변비가 지속될 때 어떤 검사가 필요한가요?;식이섬유는 어떻게 늘리면 좋나요?;약물 영향이 있을 수 있나요?,article-constipation-1;MedlinePlus,배변;딱딱한변;잔변감;장운동
diarrhea,diarrhea,설사,소화기 질환,묽은 변과 복통이 있을 때 수분 관리와 상담 기준을 확인하는 정보입니다.,설사;묽은 변;복통;탈수,묽은 변;잦은 배변;복통;메스꺼움,감염;음식 영향;스트레스;약물;장 질환 가능성,수분 섭취를 유지합니다.;음식과 증상 시간을 기록합니다.;심하거나 오래가면 진료 상담을 권장합니다.,자극이 적은 식사와 수분 보충이 도움이 될 수 있습니다.;기름진 음식은 주의가 필요합니다.,물;전해질 음료;죽;바나나,기름진 음식;술;카페인;유제품 과다,혈변;고열;심한 탈수;심한 복통,소화기내과;가정의학과,설사가 며칠 지속되면 진료가 필요한가요?;탈수 기준은 무엇인가요?;먹어도 되는 음식은 무엇인가요?,article-diarrhea-1;CDC,묽은변;장염;탈수;복통
gallstones,gallstones,담석증,소화기 질환,오른쪽 윗배 통증과 소화불편이 있을 때 참고할 수 있는 정보입니다.,오른쪽 윗배 통증;소화불량;메스꺼움;등 통증,오른쪽 윗배 통증;소화불량;메스꺼움;등으로 퍼지는 통증,담즙 성분 변화;비만;급격한 체중 변화;고지방 식사;가족력,기름진 음식 후 증상을 기록합니다.;반복 통증은 소화기내과 상담을 고려합니다.;급격한 체중 감량은 피합니다.,기름진 음식은 통증을 유발할 수 있어 주의가 필요합니다.;규칙적인 식사가 도움이 될 수 있습니다.,채소;통곡물;기름기 적은 단백질;물,튀김;고지방 음식;과식;야식,심한 복통;발열;황달;구토 지속,소화기내과;외과,초음파 검사가 필요한가요?;통증이 있을 때 응급실 기준은 무엇인가요?;식사는 어떻게 조절해야 하나요?,article-gallstones-1;NHS,담석;담낭;우상복부;담즙
rhinitis,rhinitis,비염,호흡기 질환,코막힘과 콧물이 반복될 때 생활환경을 점검하는 참고정보입니다.,코막힘;콧물;재채기;코 가려움,코막힘;콧물;재채기;후비루,알레르기;먼지;꽃가루;온도 변화;감염 후 자극,실내 먼지와 습도를 점검합니다.;증상 발생 환경을 기록합니다.;지속되면 이비인후과 상담을 고려합니다.,수분 섭취와 자극이 적은 식사가 도움이 될 수 있습니다.;개인 알레르기 음식은 주의가 필요합니다.,물;따뜻한 차;채소;과일,과음;개인 알레르기 유발 음식;자극적인 음식,호흡곤란;얼굴 심한 통증;고열;증상 급격한 악화,이비인후과;알레르기내과;가정의학과,알레르기 검사가 필요한가요?;비염과 감기는 어떻게 구분하나요?;환경 관리는 어떻게 해야 하나요?,article-rhinitis-1;NHS,알레르기비염;코막힘;콧물;재채기
asthma,asthma,천식,호흡기 질환,숨참과 쌕쌕거림이 반복될 때 상담 기준을 확인하는 정보입니다.,숨참;쌕쌕거림;기침;가슴 답답함,숨참;쌕쌕거림;기침;가슴 답답함,기관지 과민성;알레르기;운동;찬 공기;감염,증상 유발 상황을 기록합니다.;흡입기 사용 여부는 의료진과 상담합니다.;호흡곤란은 즉시 도움을 요청합니다.,개인 유발 요인을 피하는 식생활 기록이 도움이 될 수 있습니다.;과식은 숨참을 악화시킬 수 있어 주의합니다.,물;채소;과일;균형식,과식;개인 알레르기 음식;과음,호흡곤란;입술 파래짐;말하기 어려움;흉부 압박감 심화,호흡기내과;알레르기내과;소아청소년과,폐기능 검사가 필요한가요?;응급실에 가야 하는 기준은 무엇인가요?;운동은 어떻게 조절해야 하나요?,article-asthma-1;CDC,천식;쌕쌕;천명;흡입기
bronchitis,bronchitis,기관지염,호흡기 질환,기침과 가래가 지속될 때 참고할 수 있는 호흡기 정보입니다.,기침;가래;목 불편감;미열,기침;가래;목 불편감;미열,바이러스 감염;흡연;대기오염;기관지 자극;면역 저하,수분을 충분히 섭취합니다.;흡연과 자극 물질을 피합니다.;기침 지속 기간을 기록합니다.,따뜻한 수분 섭취가 도움이 될 수 있습니다.;과음과 자극적인 음식은 주의가 필요합니다.,물;따뜻한 차;부드러운 음식;과일,술;흡연;자극적인 음식;찬 음료 과다,호흡곤란;고열 지속;피 섞인 가래;가슴통증,호흡기내과;가정의학과,기침이 얼마나 지속되면 검사가 필요한가요?;가래 색 변화는 어떻게 봐야 하나요?;운동은 쉬어야 하나요?,article-bronchitis-1;MedlinePlus,기관지;가래;기침;호흡기
chronic-cough,chronic-cough,만성기침,호흡기 질환,기침이 오래 지속될 때 원인 확인과 기록에 도움이 되는 정보입니다.,기침 지속;마른기침;가래;목 이물감,8주 이상 기침;마른기침;가래;목 이물감,후비루;천식;역류;흡연;약물 영향 가능성,기침 시간대와 유발 상황을 기록합니다.;흡연과 먼지 노출을 줄입니다.;지속되면 진료 상담을 권장합니다.,자극이 적은 식사와 수분 섭취가 도움이 될 수 있습니다.;역류가 의심되면 야식은 주의합니다.,물;따뜻한 차;부드러운 음식,흡연;야식;과음;매운 음식,피 섞인 가래;체중 감소;호흡곤란;가슴통증,호흡기내과;이비인후과;소화기내과,기침 원인을 확인하려면 어떤 검사가 필요한가요?;역류와 관련될 수 있나요?;약물 영향이 있을 수 있나요?,article-chronic-cough-1;NHS,오래가는기침;마른기침;후비루;기침
arthritis,arthritis,관절염,근골격계 질환,관절 통증과 붓기가 있을 때 생활관리 참고자료입니다.,관절 통증;붓기;뻣뻣함;움직임 제한,관절 통증;붓기;뻣뻣함;움직임 제한,퇴행성 변화;자가면역 반응;과사용;체중 부담;부상,무리하지 않는 범위의 스트레칭을 유지합니다.;관절에 부담을 줄이는 운동을 선택합니다.;통증과 부기가 심하면 진료가 필요합니다.,균형 잡힌 단백질 섭취가 도움이 될 수 있습니다.;체중 관리를 돕는 식사 구성이 중요할 수 있습니다.,생선;두부;콩류;채소;올리브오일,과도한 음주;당분 많은 간식;고열량 가공식품,심한 붓기;관절 열감;움직임 제한 악화;발열 동반 통증,정형외과;류마티스내과;재활의학과,퇴행성과 염증성 관절염 감별이 필요한가요?;운동은 어느 정도까지 해도 되나요?;통증이 심한 날에는 어떻게 관리해야 하나요?,article-arthritis-1;NHS,관절통;무릎통증;류마티스;퇴행성
back-pain,back-pain,허리통증,근골격계 질환,허리 통증의 양상과 생활습관을 기록할 때 참고할 수 있는 정보입니다.,허리 통증;엉덩이 통증;다리 저림;움직임 제한,허리 통증;뻣뻣함;다리 저림 가능성;움직임 제한,근육 긴장;자세 문제;디스크 문제 가능성;과사용;부상,통증을 유발하는 자세를 기록합니다.;무거운 물건 들기를 피합니다.;신경 증상이 있으면 상담을 권장합니다.,체중 관리에 도움이 되는 균형식이 허리 부담을 줄이는 데 참고될 수 있습니다.,단백질 식품;채소;물;칼슘 식품,과음;고열량 간식;과식,대소변 조절 이상;다리 힘 빠짐;감각 저하;발열 동반 통증,정형외과;신경외과;재활의학과,디스크 검사가 필요한가요?;운동을 쉬어야 하는 기준은 무엇인가요?;물리치료가 도움이 될 수 있나요?,article-back-pain-1;MedlinePlus,요통;허리;디스크;좌골
neck-disc,neck-disc,목디스크,근골격계 질환,목 통증과 팔 저림이 있을 때 참고할 수 있는 정보입니다.,목 통증;어깨 통증;팔 저림;손저림,목 통증;어깨 통증;팔 저림;손 힘 빠짐,디스크 변화;자세 문제;장시간 스마트폰 사용;부상;근육 긴장,목과 팔 증상 위치를 기록합니다.;장시간 같은 자세를 피합니다.;힘 빠짐은 진료 상담을 권장합니다.,염증을 줄인다고 단정할 수는 없지만 균형식이 전반적 관리에 도움이 될 수 있습니다.,생선;채소;두부;물,과음;고열량 가공식품;야식,팔 힘 빠짐;감각 저하;보행 이상;심한 두통 동반,정형외과;신경외과;재활의학과,영상검사가 필요한가요?;손저림이 목과 관련될 수 있나요?;운동은 어떻게 조절해야 하나요?,article-neck-disc-1;NHS,경추디스크;목통증;손저림;팔저림
frozen-shoulder,frozen-shoulder,오십견,근골격계 질환,어깨 움직임 제한과 통증이 있을 때 참고할 수 있는 정보입니다.,어깨 통증;팔 올리기 어려움;야간 통증;움직임 제한,어깨 통증;팔 올리기 어려움;야간 통증;관절 운동 제한,어깨 관절낭 변화;당뇨 관련 가능성;부상 후 움직임 감소;노화,통증 범위 안에서 움직임을 기록합니다.;무리한 스트레칭은 피합니다.;지속되면 정형외과 상담을 고려합니다.,체중과 혈당 관리가 필요한 경우 균형식이 도움이 될 수 있습니다.,단백질 식품;채소;물;견과류,과음;과식;고당 간식,심한 외상 후 통증;팔 힘 빠짐;감각 이상;발열,정형외과;재활의학과,오십견인지 회전근개 문제인지 확인이 필요한가요?;운동 범위는 어떻게 늘리나요?;통증이 심할 때는 어떻게 해야 하나요?,article-frozen-shoulder-1;대학병원 건강정보,동결견;어깨통증;팔올리기;야간통증
carpal-tunnel,carpal-tunnel,손목터널증후군,근골격계 질환,손저림과 손목 통증이 반복될 때 참고할 수 있는 정보입니다.,손저림;손목 통증;손가락 저림;악력 감소,손저림;손목 통증;손가락 저림;야간 저림,손목 과사용;정중신경 압박;임신 또는 부종;당뇨 관련 가능성;반복 작업,손목 사용 시간을 기록합니다.;반복 동작 사이 휴식을 둡니다.;감각 저하가 지속되면 상담을 권장합니다.,전반적인 체중과 혈당 관리가 필요한 경우 균형식이 도움이 될 수 있습니다.,채소;단백질 식품;물;통곡물,과음;고열량 간식;짠 음식 과다,손 힘 빠짐;감각 저하 지속;근육 위축;심한 통증,정형외과;신경과;재활의학과,신경검사가 필요한가요?;보조기 사용이 도움이 될 수 있나요?;작업 습관은 어떻게 바꾸면 좋나요?,article-carpal-tunnel-1;MedlinePlus,손목터널;손저림;정중신경;손목통증
insomnia,insomnia,불면증,정신건강 / 수면,잠들기 어려움과 낮 피로를 기록할 때 참고할 수 있는 수면 정보입니다.,입면 어려움;중간 각성;이른 기상;낮 피로,입면 어려움;중간 각성;이른 기상;낮 피로감,스트레스;카페인;불규칙한 수면 시간;빛 노출;불안,매일 비슷한 시간에 일어납니다.;잠들기 전 화면 노출을 줄입니다.;카페인은 오후 늦게 피하는 것이 좋습니다.,저녁 과식과 음주는 수면에 방해가 될 수 있어 주의가 필요합니다.;따뜻한 무카페인 음료가 긴장 완화에 도움이 될 수 있습니다.,무카페인 허브차;바나나;견과류;따뜻한 우유,저녁 카페인;음주;야식;과식,일상생활이 어려운 피로;우울감;불안 악화;자살 생각,정신건강의학과;수면클리닉;가정의학과,수면검사나 수면클리닉 상담이 필요한가요?;수면제 없이 시도할 수 있는 방법은 무엇인가요?;카페인과 생활 리듬은 어떻게 조절해야 하나요?,article-insomnia-1;NHS,수면;잠;불면;입면
anxiety,anxiety,불안,정신건강 / 수면,걱정과 긴장이 반복될 때 기록과 상담 기준을 확인하는 정보입니다.,불안;심장 두근거림;숨참;긴장,과도한 걱정;긴장;두근거림;숨참,스트레스;수면 부족;카페인;생활 변화;신체 질환 가능성,불안이 커지는 상황을 기록합니다.;카페인과 수면 상태를 함께 확인합니다.;일상에 지장이 있으면 상담을 권장합니다.,카페인과 과음은 불안을 악화시킬 수 있어 주의가 필요합니다.;규칙적인 식사가 도움이 될 수 있습니다.,물;따뜻한 차;견과류;균형식,과도한 카페인;에너지 음료;과음;공복 지속,자살 생각;극심한 공포;호흡곤란 지속;일상 기능 저하,정신건강의학과;가정의학과,불안 증상이 신체 질환과 관련될 수 있나요?;상담이나 치료가 필요한 기준은 무엇인가요?;생활기록은 어떻게 하면 좋나요?,article-anxiety-1;NHS,불안감;공황;긴장;걱정
depressed-mood,depressed-mood,우울감,정신건강 / 수면,기분 저하와 의욕 저하가 지속될 때 상담 기준을 확인하는 정보입니다.,우울감;의욕 저하;식욕 변화;수면 변화,기분 저하;흥미 감소;피로;수면 또는 식욕 변화,스트레스;상실 경험;수면 부족;호르몬 변화;신체 질환 가능성,기분과 수면 변화를 기록합니다.;혼자 판단하지 않고 도움을 요청합니다.;자살 생각은 즉시 도움을 요청합니다.,규칙적인 식사와 수분 섭취가 컨디션 기록에 도움이 될 수 있습니다.;과음은 주의가 필요합니다.,균형식;물;과일;단백질 식품,과음;식사 거르기;과도한 카페인,자살 생각;일상생활 어려움;식사 불가;극심한 무기력,정신건강의학과;가정의학과,우울감이 얼마나 지속되면 상담이 필요한가요?;수면 변화와 관련이 있나요?;주변 도움은 어떻게 요청하나요?,article-depressed-mood-1;WHO,우울;기분저하;무기력;의욕저하
stress-headache,stress-headache,스트레스성 두통,정신건강 / 수면,긴장과 스트레스 상황에서 두통이 반복될 때 참고할 수 있는 정보입니다.,두통;목 어깨 긴장;눈 피로;스트레스,조이는 듯한 두통;목 어깨 긴장;눈 피로;피로감,스트레스;수면 부족;자세 문제;장시간 화면 사용;카페인 변화,두통 시간과 스트레스 상황을 기록합니다.;수면과 화면 사용 시간을 조절합니다.;갑작스러운 심한 두통은 즉시 상담합니다.,수분 섭취와 규칙적인 식사가 도움이 될 수 있습니다.;과도한 카페인은 주의가 필요합니다.,물;견과류;과일;균형식,과도한 카페인;과음;식사 거르기,갑작스러운 심한 두통;마비;말이 어눌함;의식저하,신경과;정신건강의학과;가정의학과,두통 양상상 검사가 필요한가요?;스트레스 관리 방법은 무엇인가요?;약 복용 빈도는 어떻게 봐야 하나요?,article-stress-headache-1;MedlinePlus,긴장성두통;스트레스;두통;눈피로
atopic-dermatitis,atopic-dermatitis,아토피 피부염,피부 질환,피부 가려움과 건조가 반복될 때 참고할 수 있는 피부 정보입니다.,피부 가려움;건조;발진;진물,피부 가려움;건조;붉은 발진;진물 가능성,피부 장벽 약화;알레르기;건조한 환경;스트레스;자극 물질,보습 시간을 기록합니다.;자극이 되는 세제와 옷감을 피합니다.;악화가 반복되면 피부과 상담을 권장합니다.,개인별 유발 음식은 다를 수 있어 기록이 도움이 됩니다.;균형 잡힌 식사를 유지합니다.,물;채소;생선;균형식,개인 유발 음식;과음;자극적인 음식,진물 심화;감염 의심;심한 가려움;발열,피부과;알레르기내과,보습제는 어떻게 선택하면 좋나요?;알레르기 검사가 필요한가요?;악화 요인은 어떻게 기록하나요?,article-atopic-dermatitis-1;NHS,아토피;피부건조;가려움;습진
urticaria,urticaria,두드러기,피부 질환,갑작스러운 피부 팽진과 가려움이 있을 때 참고할 수 있는 정보입니다.,두드러기;피부 가려움;붉은 팽진;부종,가려운 팽진;붉은 발진;부종;따가움,음식 또는 약물;감염;온도 변화;스트레스;원인 불명,발생 시간과 음식 약물을 기록합니다.;호흡곤란이나 입술 부종은 즉시 도움을 요청합니다.;반복되면 상담을 고려합니다.,개인 유발 음식이 의심되면 기록이 도움이 됩니다.;과음은 주의가 필요합니다.,물;자극 적은 음식;균형식,의심 유발 음식;술;자극적인 음식,호흡곤란;입술 또는 혀 부종;어지러움;전신 증상,피부과;알레르기내과;응급의학과,알레르기 검사가 필요한가요?;응급실에 가야 하는 증상은 무엇인가요?;의심 음식은 어떻게 기록하나요?,article-urticaria-1;CDC,두드러기;팽진;알레르기;피부부종
acne,acne,여드름,피부 질환,피지와 염증성 병변이 반복될 때 참고할 수 있는 피부 정보입니다.,여드름;피부 트러블;피지;붉은 뾰루지,면포;붉은 뾰루지;피지 증가;염증성 병변,피지 분비;호르몬 변화;화장품 자극;수면 부족;스트레스,피부 자극 제품을 줄입니다.;수면과 식습관을 기록합니다.;흉터 우려가 있으면 피부과 상담을 고려합니다.,고당 식품과 개인 유발 음식을 기록해 볼 수 있습니다.;균형식이 전반적 관리에 도움이 될 수 있습니다.,물;채소;과일;균형식,고당 간식;기름진 음식 과다;과음,심한 통증;넓은 염증;흉터 우려;발열 동반,피부과,흉터 예방을 위해 어떤 관리가 필요한가요?;화장품을 어떻게 조절해야 하나요?;식습관 기록이 도움이 될까요?,article-acne-1;대학병원 건강정보,여드름;피지;뾰루지;피부트러블
psoriasis,psoriasis,건선,피부 질환,붉은 판과 각질이 반복될 때 참고할 수 있는 피부 정보입니다.,각질;붉은 반점;피부 가려움;두꺼운 피부,붉은 판;각질;가려움;피부 갈라짐,면역 관련 요인;유전적 요인;스트레스;감염;피부 자극,피부 상태와 스트레스 변화를 기록합니다.;자극과 건조를 줄입니다.;관절 통증이 있으면 상담을 권장합니다.,과음과 체중 증가는 악화 요인이 될 수 있어 주의가 필요합니다.;균형식이 전반적 관리에 도움이 될 수 있습니다.,채소;생선;물;통곡물,과음;고열량 가공식품;자극적인 음식,관절 통증 동반;피부 갈라짐 심화;감염 의심;넓은 범위 악화,피부과;류마티스내과,건선인지 확인하려면 어떤 진료가 필요한가요?;관절 증상도 관련될 수 있나요?;생활 악화 요인은 어떻게 찾나요?,article-psoriasis-1;NHS,건선;각질;피부반점;판상
hemorrhoids,hemorrhoids,치질,항문 / 대장 질환,치질은 항문 주변 혈관이나 조직에 문제가 생겨 통증 출혈 부종 불편감 등이 나타날 수 있는 항문 질환을 통칭하는 표현입니다. 증상이 지속되거나 출혈이 반복되면 의료기관 상담이 권장됩니다.,항문 통증;항문 출혈;배변 시 통증;항문 가려움;항문 부종;변에 피가 묻음;휴지에 피가 묻음;항문 불편감;잔변감,배변 시 통증;항문 주변 통증;선홍색 출혈;항문 가려움;항문 주변 부종;앉을 때 불편감,변비;오래 앉아 있는 생활습관;과도한 힘주기;임신과 출산;섬유질 부족;잦은 설사;배변 습관 문제,배변 시 과도하게 힘을 주지 않고 오래 앉아 있는 시간을 줄이며 충분한 수분 섭취와 섬유질 섭취가 도움이 될 수 있습니다.;증상이 심하거나 출혈이 반복되면 항문외과 또는 대장항문외과 상담이 필요할 수 있습니다.,변비를 줄이기 위해 수분 섭취와 식이섬유가 풍부한 식품을 참고할 수 있습니다.;개인 상태에 따라 다를 수 있으므로 증상이 심하면 의료기관 상담을 권장합니다.,물;채소;과일;통곡물;식이섬유가 풍부한 음식;부드러운 음식,과도한 술;지나치게 매운 음식;기름진 음식;변비를 악화시킬 수 있는 식습관;과도한 카페인,출혈이 반복되는 경우;피가 많이 나는 경우;심한 통증이 있는 경우;항문 주변 고름이나 분비물이 있는 경우;열이 동반되는 경우;체중 감소가 동반되는 경우;검은 변이 나오는 경우,대장항문외과;외과;소화기내과,현재 증상이 치핵 치열 치루 중 어떤 가능성이 있나요?;출혈 원인을 확인하기 위해 검사가 필요한가요?;생활습관이나 배변 습관에서 무엇을 조정해야 하나요?;약물치료나 시술이 필요한 상태인가요?;좌욕이나 식이섬유 섭취가 도움이 될 수 있나요?,article-hemorrhoids-1;article-hemorrhoids-2;MedlinePlus,치질;치핵;치열;치루;항문통증;항문 통증;항문출혈;항문 출혈;배변통;배변 시 통증;똥쌀때 피;대변 볼 때 피;휴지에 피;변에 피;항문 가려움;항문 부음;항문 불편감;좌욕;변비
hemorrhoidal-disease,hemorrhoidal-disease,치핵,항문 / 대장 질환,치핵은 항문 주변 혈관 조직이 부풀거나 내려오면서 출혈 통증 불편감이 나타날 수 있는 상태입니다. 증상이 반복되면 정확한 진단과 치료는 의료기관 상담이 필요합니다.,치질;항문 출혈;항문 부종;항문 불편감;배변 시 통증;휴지에 피가 묻음,선홍색 출혈;항문 주변 덩어리 느낌;앉을 때 불편감;항문 가려움,변비;과도한 힘주기;오래 앉기;임신과 출산;섬유질 부족,배변 시간을 길게 끌지 않고 수분과 식이섬유 섭취를 점검합니다.;출혈이나 통증이 반복되면 대장항문외과 상담이 권장됩니다.,변비 완화를 돕는 수분과 식이섬유 섭취가 도움이 될 수 있습니다.;매운 음식과 과음은 주의가 필요합니다.,물;채소;과일;통곡물;부드러운 음식,과도한 술;매운 음식;기름진 음식;과도한 카페인,출혈 반복;피가 많이 남;심한 통증;검은 변;체중 감소,대장항문외과;외과;소화기내과,치핵 정도를 확인하기 위한 진료가 필요한가요?;출혈 원인은 어떻게 확인하나요?;배변 습관은 어떻게 조정하면 좋나요?,article-hemorrhoids-1;article-hemorrhoids-3,치핵;치질;항문출혈;휴지에 피;항문 부음;항문 덩어리;좌욕;변비
anal-fissure,anal-fissure,치열,항문 / 대장 질환,치열은 항문 부위가 찢어지거나 상처가 생겨 배변 시 통증과 선홍색 출혈이 나타날 수 있는 상태입니다. 증상이 지속되면 의료기관 상담을 권장합니다.,치질;배변 시 통증;항문 통증;선홍색 출혈;휴지에 피가 묻음;변비,배변 시 날카로운 통증;선홍색 출혈;항문 불편감;배변 후 통증 지속,딱딱한 변;변비;과도한 힘주기;잦은 설사;항문 자극,딱딱한 변을 줄이기 위해 수분과 식이섬유 섭취를 점검합니다.;통증이 반복되면 대장항문외과 상담이 필요할 수 있습니다.,수분과 식이섬유가 풍부한 식품이 배변 부담을 줄이는 데 도움이 될 수 있습니다.;개인 상태에 따라 다를 수 있습니다.,물;채소;과일;통곡물;부드러운 음식,지나치게 매운 음식;과도한 술;변비를 악화시킬 수 있는 식습관,출혈 반복;심한 통증;열 동반;고름이나 분비물;검은 변,대장항문외과;외과,치열 가능성이 있는지 확인이 필요한가요?;통증이 지속될 때 어떤 검사가 필요한가요?;변비 관리는 어떻게 해야 하나요?,article-anal-fissure-1;MedlinePlus,치열;치질;항문통증;배변통;배변 시 통증;대변 볼 때 피;휴지에 피;변비;좌욕
anal-fistula,anal-fistula,치루,항문 / 대장 질환,치루는 항문 주변에 통로가 생겨 고름이나 분비물 통증 부종이 반복될 수 있는 항문 질환입니다. 정확한 진단과 치료는 의료기관 상담이 필요합니다.,치질;항문 통증;항문 주변 고름;항문 분비물;항문 부종;열감,항문 주변 통증;고름 또는 분비물;부종;반복되는 불편감;열감 가능성,항문 주변 감염;농양 이후 변화;염증;배변 습관 문제,분비물과 통증이 반복되는지 기록합니다.;고름 열감 발열이 있으면 빠른 의료기관 상담을 권장합니다.,자극적인 음식과 과음은 불편감을 키울 수 있어 주의가 필요합니다.;수분 섭취와 균형식은 배변 부담 관리에 도움이 될 수 있습니다.,물;채소;부드러운 음식;통곡물,과도한 술;지나치게 매운 음식;기름진 음식,항문 주변 고름이나 분비물;열이 동반되는 경우;심한 통증;부종 악화;출혈 반복,대장항문외과;외과,치루 가능성을 확인하려면 어떤 검사가 필요한가요?;고름이나 분비물이 있을 때 어떻게 해야 하나요?;생활습관에서 주의할 점은 무엇인가요?,article-anal-fistula-1;대학병원 건강정보,치루;치질;항문 고름;항문 분비물;항문통증;항문 부종;항문 불편감;대장항문외과
